Тип,Категория,Родитель,Товаров,Медиана_цены_руб,Медиана_цены_юань,Медиана_тиража,Медиана_плотности,Медиана_транспорта,Цена_руб_мин,Цена_руб_макс,Цена_руб_медиана,Цена_руб_среднее,Цена_руб_стд,Цена_руб_количество,Цена_юань_мин,Цена_юань_макс,Цена_юань_медиана,Цена_юань_среднее,Цена_юань_стд,Цена_юань_количество,Тираж_мин,Тираж_макс,Тираж_медиана,Тираж_среднее,Тираж_стд,Тираж_количество,Плотность_мин,Плотность_макс,Плотность_медиана,Плотность_среднее,Плотность_стд,Плотность_количество,Транспорт_мин,Транспорт_макс,Транспорт_медиана,Транспорт_среднее,Транспорт_стд,Транспорт_количество
main,сумка,,775,511.3434958333333,12.0,1500.0,182.6651111890474,7.1,133.8038791092995,1976.110764324918,511.3434958333333,1138.670127412289,1815.668946668114,774,2.8,45.0,12.0,29.3604007368834,55.52011230078941,769,500.0,7500.0,1500.0,12875.86516129032,68527.4160613563,775,96.45061728395065,310.9020837415899,182.6651111890474,210.4894661131532,168.3291632591001,416.0,5.9,9.925,7.1,8.064301898573282,3.762581845296625,771
main,кружка,,495,791.2747499999999,17.225,752.5,193.452380952381,6.0,402.8749652700618,1973.20065625,791.2747499999999,1326.176590199794,1785.338429487571,495,7.095,45.0,17.225,32.86499093038461,57.1725093963124,494,300.0,6750.0,752.5,5908.765656565656,22645.36162626005,495,108.8010380939674,295.7885431777862,193.452380952381,221.9336323119517,212.9397212388235,257.0,4.5,7.805,6.0,6.645162932790225,3.100496450361595,491
main,бутылка,,398,728.3053743055556,15.8,1500.0,185.6454480425225,6.7,374.2640655555555,1375.543898032408,728.3053743055556,1030.941599582981,1131.969247293834,398,6.5275,35.0,15.8,26.00468174203518,36.18310411960141,398,450.0,7500.0,1500.0,4905.910804020101,11736.5072092383,398,98.91635368116205,307.6028597636833,185.6454480425225,204.6907630547064,128.5624385319316,204.0,4.913499999999999,8.5065,6.7,7.185835905936549,3.840132645300491,394
main,набор,,309,1331.210657407407,29.0,1000.0,225.3184300187278,6.4,233.928,4852.058863960116,1331.210657407407,2707.687513374726,4341.880477047936,309,4.339999999999999,104.37,29.0,68.359064602411,147.9513273623452,309,150.0,4500.0,1000.0,4955.304207119741,23828.56986166579,309,106.8262169008438,364.9794111859619,225.3184300187278,342.9930825286134,753.6212182344672,154.0,5.0,9.989999999999998,6.4,7.352873376623378,3.381726296268217,308
main,ручка,,260,110.1201014384921,2.62,5000.0,376.7660910518054,5.87,31.2558175,1000.243010243056,110.1201014384921,713.8137315193616,1800.967154385464,260,0.6785000000000001,23.0,2.62,20.58877271828846,61.56398266694788,260,750.0,25187.50000000001,5000.0,14161.65673076923,34419.221011063,260,200.7553606237817,639.4886549937702,376.7660910518054,408.8921439183387,227.1677100078307,157.0,4.5,8.0,5.87,7.592306201550388,7.62004487277301,258
main,лампа,,254,1368.867625,33.0,1500.0,154.3577394970584,6.8,542.2789153125,3501.168880962963,1368.867625,2354.87218832348,4733.516255705098,254,10.0,88.04999999999998,33.0,58.0261811023622,138.8219479605297,254,371.2499999999997,5258.812499999997,1500.0,3227.717519685039,7228.433762392145,254,78.50557175142747,254.4989822558519,154.3577394970584,180.4994141197279,122.4226909432224,159.0,5.0,11.42,6.8,7.834189723320158,4.315235694464772,253
main,игрушка,,253,440.3352273125342,9.5,1500.0,165.0871411741524,6.5,134.1427207407407,1524.620013502909,440.3352273125342,1589.707297981519,7006.933194889825,253,2.5,35.675,9.5,46.10226455026455,253.7433019898398,252,450.0,12750.0,1500.0,16731.77173913044,69541.51481971868,253,62.12459069863918,302.313419317494,165.0871411741524,188.9514012561805,136.5986495497096,136.0,5.0,10.24,6.5,7.892579365079365,4.204153501833973,252
main,кабель,,223,465.25,13.0,1500.0,258.5858585858585,7.0,158.1019908333333,2006.175084305558,465.25,1060.17503293629,1461.094277331429,223,3.615,60.0,13.0,30.46106278026906,43.40181261457032,223,457.4999999999999,5000.0,1500.0,13896.14414414414,151148.6058028222,222,154.6816259709958,406.8531771849923,258.5858585858585,290.0792384925613,178.6506433191258,115.0,5.4,10.0,7.0,7.69722972972973,3.390060045173444,222
main,брелок,,211,162.7697111111111,4.0,3000.0,291.6666666666667,10.1,69.12796875,449.5020878472222,162.7697111111111,453.1561602685928,1543.569702836097,211,1.47,13.0,4.0,14.30178738236967,66.94721111585943,211,1000.0,15000.0,3000.0,21699.71563981043,61432.48939730268,211,140.0,533.638269487326,285.7142857142857,344.9693481102087,283.7666578021253,101.0,8.1,13.07,10.1,10.90746919431279,4.343827506084688,211
main,подставка,,180,490.6518981481481,11.5,1800.0,252.0970672545977,6.5,119.9615595486111,2114.320037268518,490.6518981481481,1067.899199875241,1459.31060671554,180,2.5255,47.32500000000003,11.5,27.18616666666667,43.12141976750491,180,500.0,7500.0,1800.0,9643.531944444445,33225.00536145745,180,136.8416519319778,586.0283911394986,252.0970672545977,338.442110065979,259.7551349833111,106.0,4.7,10.16,6.5,9.828944444444444,20.52322332207158,180
main,чехол,,155,625.6756062500001,16.0,1500.0,215.5172413793103,7.41,177.3669625,2206.153209027778,625.6756062500001,1580.678915547587,3149.798131885167,155,4.319999999999999,47.90000000000001,16.0,50.60370967741936,131.7592746382371,155,500.0,4770.000000000002,1500.0,7032.129032258064,28265.59884645692,155,114.767846895167,358.9128744454866,215.5172413793103,241.9510636145941,177.2210391535917,83.0,6.0,11.19999999999999,7.41,8.438169934640523,3.928681132977891,153
main,рюкзак,,152,2000.784741666667,40.5,1350.0,125.0,7.61,549.8630461018519,3566.684831249999,2000.784741666667,2355.745863588861,2238.107709665241,152,13.86,89.0,40.5,53.8522302631579,64.92986190232685,152,375.0,4674.999999999997,1350.0,5940.702302631579,27799.5165919119,152,71.87499999999999,194.4534699885515,125.0,162.8151522511355,240.3126787289022,107.0,6.0,9.883,7.61,8.15633552631579,2.215890531353353,152
main,очки,,127,309.4320833333333,7.2,2000.0,174.6203716713306,7.31,109.3759661689815,1178.403801388095,309.4320833333333,793.181560314382,1447.641955560013,127,1.8355,27.55,7.2,22.39111023622047,51.57279192654654,127,602.25,15164.99999999999,2000.0,24565.37401574803,145527.0314274949,127,83.78278535678805,351.9161725955204,174.6203716713306,211.568886086255,145.8650569707156,70.0,4.829999999999999,12.985,7.31,8.632459016393446,4.333017159545764,122
main,аккумулятор,,113,1786.812662473794,48.0,1500.0,424.2848813688394,6.5,670.2014373412698,3089.851402777778,1786.812662473794,2008.708982605646,1549.918543822965,113,19.8,93.1,48.0,57.7287610619469,47.59166199355167,113,450.0,4500.0,1500.0,2535.20575221239,4961.232676002544,113,174.1846008330441,611.7971210076474,424.2848813688394,412.0860677230478,222.888636347618,72.0,5.3,7.806000000000002,6.5,8.834513274336283,13.16294616603409,113
main,ластик,,99,219.105,4.300000000000001,4500.0,168.1031848,6.4,42.97275913888888,990.0871292353477,219.105,607.1562438948503,1212.287751642611,99,0.785,16.29,4.15,13.98318181818182,39.5425829073799,99,751.75,30000.0,4500.0,15401.5303030303,32057.1343234979,99,103.4489101727247,527.76637536,168.1031848,317.8611196830151,369.919648587967,59.0,4.572,10.626,6.4,7.369848484848484,3.257666033683162,99
main,косметичка,,95,612.2400462962962,13.5,1500.0,170.1388888888889,7.2,148.6335344444444,994.0201671296295,612.2400462962962,744.4319001706898,862.7735010697195,95,3.07,27.62499999999999,13.5,20.05215789473684,27.95834975623249,95,500.0,15000.0,1500.0,14737.44736842105,45005.24290376608,95,83.17679872495447,280.952380952381,170.1388888888889,178.6680561281566,104.5710278742824,76.0,6.0,8.2,7.2,7.429631578947367,2.085886494803811,95
main,колонка,,92,1476.77,41.08,1500.0,266.6003128110337,11.4,600.4348439236111,3570.399770833332,1476.77,2999.251911216166,8169.784524441243,92,13.0325,81.72499999999998,41.08,84.60065217391305,252.9457979241443,92,283.375,5250.0,1500.0,2591.869565217391,4119.167591426858,92,167.0443217099733,379.1494459528985,266.6003128110337,270.9865667041573,128.4839181730285,66.0,7.0,14.0,11.4,11.27377777777778,3.419475805079354,90
main,флешка,,90,824.5158333333333,24.0,1500.0,317.9505813953488,7.5,378.3985408564814,1876.400114583333,824.5158333333333,1449.066134870448,2802.013579569615,90,10.0,59.29999999999998,24.0,43.38733333333334,98.82651363243353,90,269.125,5000.0,1500.0,7712.838888888889,47493.09309983972,90,157.4667888227211,639.2045454545454,317.9505813953488,376.0469433525537,216.6569949312438,61.0,5.0,37.3,7.5,14.22288888888889,13.12010270277393,90
sub,лампа_ночная,лампа,87,1422.190275782248,31.0,1127.5,136.2808865498199,7.0,561.2174630934343,3216.893993323754,1422.190275782248,2447.149540943571,5820.883994430571,87,11.9,75.1,31.0,50.48724137931034,65.26565605081576,87,377.5,7500.0,1127.5,3967.850574712644,7756.077487302481,87,77.80323143279375,207.8564805133234,136.2808865498199,155.2979185350608,122.8854395067359,52.0,5.0,13.024,7.0,8.49293103448276,6.10222606312,87
main,футболка,,86,1219.733263888889,25.5,1500.0,198.5965841387529,7.9,417.5232288194444,2415.687477777778,1219.733263888889,1628.08949046252,2120.742280153072,86,8.7,56.5,25.5,44.91640697674418,74.93680353116028,86,495.625,5718.75,1500.0,9313.755813953489,24591.68634766686,86,126.5650397012073,316.9070512820513,198.5965841387529,215.8953069901904,107.7032391666212,51.0,5.45,11.625,7.9,8.65510465116279,3.992532635776797,86
main,плед,,85,1842.1954375,37.7,1500.0,147.9712086854944,6.81,742.4189027777778,3905.938539814814,1842.1954375,2485.15315114832,2390.455155395311,85,15.36,90.79999999999995,37.7,60.12794117647059,73.6816912359465,85,300.0,7500.0,1500.0,7795.417647058824,29027.45259795408,85,104.004329004329,222.2222222222222,147.9712086854944,161.3667765315761,65.66254986161432,48.0,5.7,9.505999999999997,6.81,7.750705882352942,2.837089612964101,85
main,увлажнитель,,83,1272.570420138889,30.0,750.0,151.8595966912831,6.525,674.6659072916666,2289.694866666667,1272.570420138889,1603.081821243549,1158.916517061207,83,19.36,66.47500000000001,30.0,41.43265060240964,31.27993271171796,83,375.0,5000.0,750.0,2787.548192771084,4060.870169586132,83,104.3183805184134,267.971797895623,151.8595966912831,206.5506431954596,154.7382419232348,49.0,4.53,8.0,6.525,6.602134146341465,1.909047986916645,82
sub,сумка_хозяйственная,сумка,81,413.7878857142856,10.0,1500.0,207.6247532093561,7.5,237.72,1286.57,413.7878857142856,763.5355838510404,1040.898244229174,81,5.1,30.0,10.0,18.55288065839506,28.36312939043889,81,600.0,30000.0,1500.0,27959.80555555555,85424.96972782607,81,137.8071428571428,278.845006295,207.6247532093561,210.8970093610647,65.35260512291107,38.0,6.0,8.659999999999997,7.5,7.8093125,2.539916242981402,80
main,зонт,,76,1203.47,26.15,750.0,390.625,6.8,661.8882378472222,2291.7741875,1203.47,1726.181456982879,1838.140617155316,76,14.25,53.7975,26.15,39.12368421052632,43.41568993937883,76,227.5,2601.0,750.0,2210.138157894737,4314.273683637208,76,266.0714285714286,505.98086126,390.625,505.029484992186,616.5392533965274,35.0,5.0,14.485,6.8,7.670266666666667,3.382660764375707,75
main,браслет,,75,112.5924466210614,3.3,5000.0,293.287037037037,10.0,40.66351597222222,916.5517640665373,112.5924466210614,418.4544420056891,798.4582829211323,75,0.9509,21.85,3.3,11.50162222222667,25.48943302980868,75,750.0,22884.5,5000.0,73540.23333333334,294993.2586701603,75,141.5165818083161,793.3203649798477,293.287037037037,396.7172026497804,321.7704219974559,36.0,6.494,12.6285,10.0,10.03317567567568,3.917743757163999,74
main,часы,,72,1422.004340277778,34.0,612.5,163.8503329924006,7.0,592.1971128819443,6549.13113101852,1422.004340277778,4255.625139290255,8189.670838030544,72,11.3475,168.95,34.0,130.6611111111111,305.3927435820158,72,134.25,1870.0,612.5,1255.395833333333,2288.869932954338,72,54.83999999999997,215.1068394327683,163.8503329924006,182.1492018130353,237.1048213737475,52.0,5.0,13.116,7.0,9.355861111111112,7.552644561195907,72
main,подушка,,71,1327.025,23.5,1375.0,123.4567901234568,8.365,678.7055277777778,3137.718569444444,1327.025,3347.443498730404,12897.01428423474,71,11.75,73.0,23.5,48.78345070422535,91.48759253734727,71,450.0,5625.0,1250.0,5411.183098591549,12559.93339473907,71,48.83532360312545,183.3333333333334,123.4567901234568,135.8849927522515,102.3125565423486,41.0,6.5,12.0,8.365,9.113714285714282,3.553690231999738,70
sub,кружка_термо,кружка,69,927.3372499999999,21.5,1125.0,196.5799664522087,5.0,689.02,2056.241995185185,927.3372499999999,1276.464415951087,1091.519418316363,69,15.1,44.17999999999999,21.5,32.03028985507247,37.39159326604808,69,259.9999999999999,5099.999999999998,1125.0,4330.644927536232,9788.852971282846,69,141.0632190029261,256.8965386969301,196.5799664522087,193.5082746447802,73.01928820000532,48.0,4.5,6.7,5.0,5.765955882352941,2.25441263114307,68
main,коробка,,65,393.01,7.23,2250.0,159.5932651642101,6.1,136.73212,1419.047955833333,393.01,1079.668641479223,2182.434043523266,65,2.572,34.0,7.23,22.82669230769231,45.41872609292169,65,500.0,15000.0,2250.0,12560.5,32258.71525347356,65,68.7848035389019,496.8434343434337,159.5932651642101,244.528420735542,235.1818055264494,43.0,4.234,9.596,6.1,6.951384615384615,3.482003566071496,65
main,зарядное,,65,1919.367937555558,56.0,1000.0,270.4164413196322,5.800000000000001,509.8371263888889,2921.812,1919.367937555558,2394.360283113394,3421.894043942417,65,12.45,95.0,56.0,78.27215384615384,130.0467949851647,65,250.0,2850.0,1000.0,2657.384615384615,5400.272534188401,65,149.4173701869412,468.8192242540068,270.4164413196322,316.3764361526448,188.1613449095424,33.0,4.7,8.0,5.800000000000001,6.715686164923078,3.225760019525738,65
main,коврик,,63,1485.28,29.0,762.5,217.3913043478261,6.55,489.8565224305555,3834.034909722222,1485.28,2153.645321024244,1953.984244981296,63,9.51,72.79999999999998,29.0,42.43880952380952,42.7027659139905,63,236.25,2535.0,762.5,1508.214285714286,2071.995319139153,63,79.80400137262882,404.0911070975824,217.3913043478261,253.1815424810423,217.7563745277443,37.0,4.745,13.87275,6.55,8.381693548387096,4.817238252355565,62
main,органайзер,,56,1094.773736111111,26.5,1050.0,166.6666666666667,7.125,384.4150260416666,3452.501201388889,1094.773736111111,1687.87271317778,1617.202508290325,56,9.5,64.0,26.5,38.03464285714286,46.85325294670918,56,450.0,2970.0,1050.0,3430.545454545455,10593.72298085606,55,98.19663540593773,278.704243154371,166.6666666666667,197.0284572680291,160.3656845325544,27.0,6.0,9.225000000000001,7.125,8.024285714285714,2.939884263116404,56
main,бейдж,,54,126.6050694444445,3.925,2831.25,419.4678107721586,8.625,58.8688653720238,365.9798545138889,126.6050694444445,333.9299361517152,919.7283690075756,54,1.2885,9.599999999999994,3.925,11.56435185185185,38.70566692708048,54,972.4999999999997,13575.0,2831.25,8427.175925925925,21200.74014731414,54,147.9320723467245,758.9147286871704,419.4678107721586,483.5771521479461,307.8374344344259,22.0,6.0,11.2,8.625,8.986538461538462,3.947932139102988,52
main,пенал,,50,412.5677229166666,8.8,1125.0,168.9731663685152,7.08,200.5528013888889,973.1619305555552,412.5677229166666,774.3379022244775,1075.839313340602,50,4.605,22.59999999999999,8.8,20.0449,35.22368704538792,50,150.0,4184.999999999999,1125.0,22663.85,114168.6504941957,50,103.1265031265031,270.91472520908,168.9731663685152,186.4703859416852,91.80871535713972,20.0,6.0,10.56,7.08,8.254399999999999,2.901655516199998,50
main,антистресс,,50,175.9645326388889,3.925,2500.0,259.1009198082653,6.5,112.3002537800926,624.8714779861111,175.9645326388889,307.7002825934449,286.7616426224718,50,2.12,13.0625,3.925,7.589780000000001,8.734465158421177,50,1168.75,7237.499999999999,2500.0,7520.63,21475.0385224073,50,104.9741602,395.7946815089672,259.1009198082653,276.4971528917134,230.2729293323394,21.0,4.843249999999999,9.4335,6.5,7.374899999999999,3.50329560440405,50
main,наушники,,49,1322.508948888889,40.0,1500.0,178.1788730764781,9.0,637.1007388888888,2362.611408333333,1322.508948888889,1569.772643978513,1199.227959987365,49,15.2,64.39999999999999,40.0,46.84285714285715,40.96620558460351,49,239.9999999999999,4899.999999999998,1500.0,3083.892857142857,3718.355577122321,49,120.7257030497856,414.5740105652322,178.1788730764781,228.033904840086,144.6486652611235,23.0,6.815,10.0,9.0,9.148510638297873,3.462919087005244,47
main,блокнот,,49,588.7203888888889,10.0,1250.0,413.7087688895871,5.1,154.0179485288066,3326.683072222222,588.7203888888889,1651.592046253244,2460.514815485607,49,2.56,109.1999999999999,10.0,49.61438775510204,89.78821564307505,49,300.0,10499.99999999999,1250.0,10928.97959183673,33571.36332733338,49,148.0725583491461,563.0246966821919,413.7087688895871,451.9560354014219,400.2637552613983,30.0,4.0,7.599999999999998,5.1,6.33061224489796,3.316763236552609,49
main,коффер,,49,997.0412638888889,20.0,2175.0,184.5069444444445,6.7,624.9792874999999,8296.967999999999,997.0412638888889,3253.489302378365,4297.445449645506,49,14.44,105.064,20.0,48.07489795918367,53.64342042298264,49,150.0,8819.999999999995,2175.0,18091.37755102041,53875.3389467809,49,82.58848652066662,485.9086491739553,184.5069444444445,252.2916000113044,173.3316516887189,27.0,5.425000000000001,8.984,6.7,7.280204081632654,2.922224637580587,49
main,тарелка,,46,1159.180357291666,28.0,1087.5,315.9537857590301,5.45,533.6175000000001,1811.188950737847,1159.180357291666,1236.995033600208,819.7001683261932,46,10.45,39.75,28.0,26.91902173913044,15.87433916803276,46,287.5,9000.0,1087.5,8526.576086956522,23726.98735007774,46,162.9897065781853,443.4041103373675,315.9537857590301,328.5630206994419,167.9600049496296,8.0,4.5,6.8,5.45,5.671086956521739,1.580664035230299,46
main,проектор,,46,3093.922777777778,90.0,806.25,155.0387596899225,7.0,1046.320764898634,8485.280956597222,3093.922777777778,4980.802526264069,5666.975995038718,46,19.375,231.25,90.0,130.0813043478261,157.4110397456812,46,150.0,2550.0,806.25,1732.728260869565,2530.892292599417,46,96.66345690900334,251.0577482845391,155.0387596899225,200.2457005382121,229.3855531590026,35.0,5.0,16.02199999999999,7.0,9.688,6.962413488935363,45
main,термос,,46,1079.817288888889,23.8,1500.0,217.732497482468,5.545,724.9037940972222,2252.289861111111,1079.817288888889,1863.342703296918,2473.705026989967,46,13.5,59.75,23.8,48.92184782608696,75.81010582998884,46,300.0,3939.375,1500.0,2506.086956521739,3751.482805067215,46,130.0706417032172,255.8510833293538,217.732497482468,196.405464922845,65.49759216065598,25.0,4.5,6.825,5.545,6.181956521739131,2.625639071045555,46
main,массажер,,46,1400.180555555556,33.75,750.0,246.8729427254774,6.5,536.0470045138889,3190.607222222222,1400.180555555556,2166.697087065335,2417.480956682954,46,14.2,86.75,33.75,55.69554347826088,75.98480244414567,46,150.0,2025.0,750.0,1226.79347826087,1386.621560067999,46,113.1778058089618,417.1881518564873,246.8729427254774,248.2624872013657,124.8810924108941,25.0,5.300000000000001,7.7525,6.5,7.467934782608697,4.060933469055682,46
main,кепка,,45,549.4352777777777,15.0,1305.0,143.1888544891641,7.81,303.9139229629629,1336.356305555556,549.4352777777777,970.4878794520807,1204.862860214687,45,7.799999999999999,29.4,15.0,22.24888888888889,27.92596439469436,45,480.0,5249.999999999995,1305.0,20638.0,71339.84145328293,45,95.61771562052081,233.0705992033224,143.1888544891641,228.8745900533391,269.9446639685587,29.0,5.9945,10.0,7.81,18.10796949761363,66.67109694480018,44
main,шарф,,44,1146.54162962963,14.875,1500.0,169.7712418388889,14.6,200.797,3061.578804444444,1146.54162962963,2679.420246646701,5355.24089546184,44,4.435,100.65,14.875,77.56647727272727,179.6753329201764,44,376.125,14783.62499999999,1500.0,19935.45454545454,47367.42685764305,44,89.2857142857143,274.5370370716665,169.7712418388889,194.216058710066,102.6625282513464,20.0,6.7,19.455,14.6,14.30295454545455,8.871482553415762,44
main,картхолдер,,44,293.1024737847222,8.625,2250.0,339.2391471084522,7.8,108.6926781795981,1018.770322986111,293.1024737847222,761.656886542958,1311.996946493951,44,3.09,35.4895,8.625,25.48261363636363,44.69302015492108,44,750.0,10912.5,2250.0,8024.602272727273,13682.49231367281,44,208.8781736951074,611.6657279447977,339.2391471084522,405.0055940390234,201.1101880920735,18.0,7.1,9.355,7.8,8.410227272727273,2.260880142093632,44
main,контейнер,,43,629.4850804398147,10.69,4500.0,180.8090152215962,6.4,255.7388506944444,2363.509652777775,629.4850804398147,2781.737865000425,10559.70467240667,43,4.6,35.7,10.69,86.36666666667442,403.2604235872208,43,645.0,19649.99999999998,4500.0,14287.32558139535,36384.56819990934,43,87.0051275275727,262.8944858575841,180.8090152215962,176.1190049988832,95.38636698951554,25.0,4.56,9.21,6.4,7.37779069767442,3.721513597335028,43
main,станция,,42,2079.282146715168,68.6,1500.0,182.2695211370879,6.4,1030.069,2677.045427083333,2079.282146715168,3290.22369740186,5388.700280289981,42,25.375,91.55000000000001,68.6,107.4369047619048,186.8608524490636,42,300.0,4500.0,1500.0,1926.190476190476,2208.002024103164,42,34.16545189504373,259.1727716727717,182.2695211370879,157.8949347693302,87.33743638358081,26.0,4.7345,7.5,6.4,6.493809523809524,2.021836827727664,42
main,перчатки,,40,541.3485893518518,14.5,1500.0,135.4166666666667,8.2,230.3183109953704,3103.802511892361,541.3485893518518,1485.015285308878,2891.998415899234,40,5.029999999999999,102.3125,14.5,48.5239375,106.1174871263092,40,492.5,26250.0,1500.0,36492.9375,95977.46617193254,40,109.1230486685032,190.04277276,135.4166666666667,201.1581108078815,247.9508295654367,23.0,5.895,15.599,8.2,9.670874999999999,4.324207039728313,40
main,дождевик,,39,978.5467592592593,20.0,1500.0,223.4512038433607,5.0,237.2083595833333,3104.240068055555,978.5467592592593,1411.244758282239,1524.011948082577,39,4.140000000000001,90.09999999999998,20.0,39.06365384615385,48.5568259160491,39,377.5,6000.0,1500.0,5856.538461538462,11296.80013519467,39,187.0357142857142,311.8471050291262,223.4512038433607,243.8380728242386,99.20167995095312,27.0,4.7,7.0,5.0,6.282307692307692,2.722377503443462,39
main,фонарь,,38,593.2990902777777,16.75,1187.5,284.9139647,5.85,280.7249525665509,1942.095922875,593.2990902777777,944.5570706423613,934.06260692649,38,6.00625,48.67499999999999,16.75,26.52157894736842,26.17791154475372,38,298.125,3882.624999999999,1187.5,4696.447368421052,15667.19108726011,38,140.7684131471769,380.7692307834615,284.9139647,299.6056808401227,194.4355743771555,24.0,4.2,7.809999999999999,5.85,6.306842105263157,2.530941610123574,38
main,гирлянда,,37,553.4254375,11.1,2850.0,200.0,6.8,79.62149526515151,2268.604514285714,553.4254375,1909.978377506012,5619.421142444266,37,1.5,56.79999999999998,11.1,63.47918918918918,246.1298649355929,37,424.9999999999999,22500.0,2850.0,16627.78378378378,31354.1274749568,37,109.7476114436971,400.1684995473814,200.0,247.0581772180364,151.2681156867673,17.0,5.6,13.25,6.8,8.280555555555557,3.612418813280056,36
main,маска_медицинская,,37,420.1620833333333,10.5,1050.0,133.3333333,7.0,167.5853360555556,1125.490322235501,420.1620833333333,740.6005836121991,966.9935402764413,37,4.39,28.19999999999999,10.5,22.02837837837838,33.01392076024845,37,500.0,3750.0,1050.0,2218.351351351351,2936.021249225029,37,86.28581411366946,258.5526315789473,133.3333333,158.8434110231703,97.63588553736646,23.0,5.25,10.2975,7.0,8.049444444444443,3.069523876010223,36
main,свеча,,37,695.9525729986876,13.4,750.0,451.8319732734542,5.9,262.0380325,1622.1305,695.9525729986876,1004.032639050545,1164.194085809432,37,5.16,36.68,13.4,23.28410810810811,41.04352072616455,37,294.9999999999999,17999.99999999998,750.0,10023.01351351351,26432.49223979375,37,216.710244270134,625.0,451.8319732734542,451.7054347916732,264.6875745980745,21.0,3.82,7.977999999999999,5.9,6.333783783783784,3.047850199868892,37
main,магнит,,35,224.09,4.2,2500.0,444.4444444444445,6.4,52.31231936805555,1313.596472222221,224.09,601.7114417414384,971.9676563354486,35,1.0768,21.8,4.2,13.11477142857143,21.54921490460945,35,479.9999999999999,16409.25,2500.0,24129.0,57844.78620586479,35,175.4385964912281,1010.10101010101,444.4444444444445,25278.49433700234,113546.5972564496,21.0,4.91,9.0,6.4,7.238285714285714,2.861029725891882,35
main,толстовка,,35,2574.487608024691,81.0,900.0,426.1363636363636,10.5,1667.974493827161,3134.554444444445,2574.487608024691,2452.336210900888,745.6598193485981,35,32.2,103.8,81.0,70.09285714285714,29.26954385498673,35,464.9999999999999,1500.0,900.0,9479.92857142857,39535.93494087574,35,47.63003003003005,426.1363636363636,426.1363636363636,314.2723313084622,160.8170231610951,29.0,9.2,11.54,10.5,10.15771428571429,1.252299263506192,35
main,конструктор,,34,809.573061728395,17.7,2250.0,142.28298875038,7.32,278.0949455420524,3944.666685393519,809.573061728395,2166.632685262826,3364.019150527814,34,4.49,114.065,17.7,58.32705882352941,115.4571677770044,34,450.0,7548.225,2250.0,69566.19117647059,385288.7360798199,34,61.41263393955148,223.6825357126109,142.28298875038,192.9249784386042,229.6309005416963,20.0,5.707,10.05,7.32,8.914861764705883,5.234147160540171,34
main,таблетница,,34,229.4681840277812,5.95,1500.0,248.1361231361231,5.0,86.42647078703703,477.8007013888888,229.4681840277812,542.2946452282013,1687.777692544713,34,2.33,13.1,5.95,19.21220588235294,71.22449611797445,34,717.75,5025.0,1500.0,4899.191176470588,10367.4403038922,34,182.410346172748,359.4027733872351,248.1361231361231,264.5561435032362,86.80305339478237,24.0,4.1,6.5,5.0,5.505588235294118,2.009850275105647,34
main,ваза,,34,1558.49,31.6875,375.0,187.4825481670589,6.05,924.6965399305556,2433.436738020834,1558.49,1864.285715020198,1107.767173579601,34,14.9,64.525,31.6875,40.79044117647059,33.96707296797277,34,159.5,1001.25,375.0,612.9411764705883,690.2622115380226,34,84.07002257697769,266.032824,187.4825481670589,179.2219341048844,89.41348020972332,15.0,5.0,7.004,6.05,6.283529411764706,1.765716666850484,34
main,стикеры,,32,99.65131944444444,3.0,5500.0,289.3518518518518,5.9,34.55236284722223,354.517439236111,99.65131944444444,284.3445835678016,559.1514966890466,31,1.0575,8.475000000000001,3.0,7.379924193548387,14.7563439440402,31,1500.0,24424.99999999999,5500.0,29932.8125,73315.26142600672,32,131.5656565656565,547.2222222222223,289.3518518518518,298.6964494972453,212.412743918476,9.0,5.0,14.45,5.9,8.383548387096774,6.392544901882243,31
main,календарь,,32,920.3734438657407,20.0,675.0,390.625,5.75,496.1803977777776,2694.104211805554,920.3734438657407,1328.59775992296,1096.387360284894,32,9.93,78.77499999999999,20.0,36.102890625,36.50002934769796,32,200.3749999999999,3450.0,675.0,1272.265625,1467.649723001167,32,184.6748875381184,507.3630109731897,390.625,379.233340905691,175.0877819538706,18.0,3.9,6.935,5.75,6.325375,3.746070369023708,32
main,папка,,30,519.2510694444444,9.0,2700.0,213.1782945736434,6.0,57.44447135416667,2728.845888055555,519.2510694444444,1177.68469902143,1586.996151756396,30,1.12,77.60000000000002,9.0,34.80448275862069,59.20148980607348,29,535.0,15000.0,2700.0,27037.83333333333,62010.86154072518,30,166.6666666666667,291.0181463889903,213.1782945736434,269.0968681113534,239.0411948457655,18.0,4.715,8.2,6.0,7.173571428571429,4.181626667614123,28
main,карабин,,30,78.015,2.2,2500.0,480.34188035,6.7,41.60900826388889,630.5829627726057,78.015,812.6574097874246,2715.784161096391,30,0.5940000000000001,13.26,2.2,31.79206896551725,122.0920676061808,29,762.4999999999998,11300.0,2500.0,5779.666666666667,8232.425814961867,30,290.7451923076923,726.0860484544695,480.34188035,743.0352705658952,993.9055921420552,12.0,5.699999999999999,8.909999999999998,6.7,8.060714285714287,4.44283353742517,28
main,детские_товары,,29,487.4467060185184,10.0,4500.0,195.4495614035088,7.0,46.63178333333334,1945.446555416669,487.4467060185184,953.0499737741746,1463.453887401332,29,1.336,31.00000000000001,10.0,24.97758620689655,49.8131027409436,29,850.0000000000001,24000.0,4500.0,13369.74137931034,28508.98414429485,29,112.0774829,457.9972743281624,195.4495614035088,273.2336637132981,242.0126671581513,16.0,4.68,13.8,7.0,8.868275862068964,5.600962333745819,29
main,головоломка,,27,445.108375,8.0,975.0,352.0625927739308,6.8,162.2537183024691,1595.468790509257,445.108375,869.8664435692785,1109.929887727964,27,3.31,46.69999999999996,8.0,21.19851851851852,31.97193332905786,27,450.0,41249.99999999992,975.0,26030.37037037037,61713.72355365985,27,202.9857448768388,472.1095375910509,352.0625927739308,390.3221701549941,265.11000209157,19.0,5.27,10.0,6.8,7.070000000000001,1.879952945401314,27
main,мышь,,26,1429.860909722222,44.0,1250.0,236.0203340595497,7.0,209.9471371527778,2635.390859953704,1429.860909722222,1670.949790928309,1561.701441794426,26,4.975,74.875,44.0,47.61269230769232,49.94286804401143,26,412.5,2425.0,1250.0,1530.769230769231,1256.88379916975,26,130.7093821510297,325.1422610287656,236.0203340595497,231.507815436488,111.2134540871735,13.0,5.199999999999999,9.975000000000001,7.0,8.83576923076923,5.935308701711763,26
main,зеркало,,25,159.9915138888889,3.7,4000.0,380.0547279,7.0,117.0219455357143,749.7065472222214,159.9915138888889,466.0619112948413,617.6610851594028,25,2.04,22.0,3.7,9.8504,10.68562867827626,25,750.0,25500.0,4000.0,38093.2,101989.3739831712,25,116.7035666666667,506.547207499257,380.0547279,379.6160778859804,259.8285594797587,15.0,5.5,7.5,7.0,7.139600000000001,2.323636661213051,25
main,вентилятор,,25,572.0797736111111,14.6,752.5,187.3370294,6.0,406.3317472222221,1399.002300925926,572.0797736111111,900.6946238769959,902.3144632380604,25,5.75,41.79999999999998,14.6,22.9292,24.67353641724942,25,150.0,7500.0,752.5,3319.3,5427.621655323198,25,127.9011413723325,258.3732879728204,187.3370294,195.4804138453585,89.907647357386,11.0,5.0,8.0,6.0,7.365600000000001,4.787479399433485,25
main,чайник,,24,2628.397432659933,61.25,352.5,231.5892901007124,5.65,855.6776434895856,5178.326992683081,2628.397432659933,2877.958685687363,2054.390674608821,24,17.396,114.775,61.25,62.94041666666666,40.95717556489489,24,157.875,1500.0,352.5,855.0833333333334,1377.704949376401,24,175.683697699173,364.4444444444445,231.5892901007124,266.5663637108,126.7488633488222,4.0,4.5,14.74775,5.65,7.6275,4.275755717592125,24
main,доска,,24,765.4275090277777,15.55,2700.0,256.7368032484312,5.654999999999999,210.2905,2312.43900297619,765.4275090277777,1701.399308541441,2415.838603533024,24,3.135,37.2,15.55,34.259375,59.31485836127806,24,750.0,42000.0,2700.0,12975.0,16718.87601537231,24,126.3634963374353,1154.20697059453,256.7368032484312,565.7755734995303,667.7318971430826,16.0,4.535,6.9,5.654999999999999,5.74125,1.135717786822214,24
main,лента,,24,148.405380952381,3.3375,2850.0,312.4999999999999,5.95,61.56504458333333,693.4222780324075,148.405380952381,354.1374631833052,469.8771118479525,24,1.1565,13.705,3.3375,8.044583333333334,12.9224170673415,24,750.0,6550.000000000001,2850.0,10791.97916666667,32591.62586645705,24,249.0891472868217,363.5299394483068,312.4999999999999,333.8071123881311,148.781195199228,17.0,5.378,7.31,5.95,6.854166666666667,3.792961349275978,24
main,принтер,,24,5348.870603587962,113.25,285.0,311.9266764692247,7.9,2320.9504375,9805.01709361111,5348.870603587962,6223.022195309284,3882.470114905177,24,46.45,360.0,113.25,174.3958333333333,145.4321131906617,24,82.875,1003.875000000001,285.0,574.7916666666666,915.7453950870779,24,213.8687600644123,361.8746075668112,311.9266764692247,293.7124551770501,108.9485741414415,14.0,5.225,25.0,7.9,12.40208333333334,8.91650252117639,24
main,носки,,23,261.44,6.5,2250.0,142.9994426711253,7.66,196.0151866666667,2445.921436111109,261.44,913.9110941116055,1399.702132305501,23,4.9,78.18999999999994,6.5,26.39021739130435,43.15978685173221,23,795.0,6750.0,2250.0,589725.4347826086,2814342.000784841,23,134.8448802288511,214.7364672681339,142.9994426711253,234.8299599454748,236.2967497580697,8.0,5.19,14.8195,7.66,8.695217391304347,3.784831711840901,23
main,нож,,22,283.9144395833333,4.46,1500.0,509.2946269416857,6.5,97.64746429608586,964.4795926369591,283.9144395833333,463.1955724855885,435.1914717376907,22,1.62,25.02499999999998,4.46,9.937727272727273,10.35542953137246,22,750.0,5000.0,1500.0,2911.363636363636,3727.054620901892,22,96.33333333333334,1498.271558716297,509.2946269416857,652.8948519784919,554.7013402045422,15.0,5.0,9.259999999999996,6.5,7.045454545454546,2.71954605328366,22
main,шкатулка,,22,1215.17046875,36.0,750.0,1333.333333333333,5.0,1059.646392361111,3192.613972718251,1215.17046875,2092.349914298759,1948.766250631769,22,24.15,110.5299999999999,36.0,60.12727272727273,63.60618554690133,22,388.375,756.375,750.0,900.5681818181819,1066.286650634034,22,674.318226785,1333.333333333333,1333.333333333333,1033.781012175,599.1046423166667,4.0,5.0,8.09475,5.0,6.966590909090908,3.261860915826905,22
main,штамп,,21,682.9634305555555,14.2,1500.0,357.4696865705789,6.0,111.7023309027778,3047.519166666666,682.9634305555555,1468.997424913475,2230.566054489494,21,3.275,86.0,14.2,44.52119047619048,84.1109611005718,21,300.0,6000.0,1500.0,2812.857142857143,3481.768344328988,21,125.2541352976623,620.0,357.4696865705789,408.7841374191992,260.3513477868113,17.0,4.555,12.73,6.0,8.0525,5.18992837898052,20
main,пазл,,21,344.9752724867725,6.0,4650.0,367.4309229864785,6.8,78.49959666666666,700.9370347222222,344.9752724867725,466.7436390175638,501.7959297777086,21,1.05,15.0,6.0,8.895238095238096,11.08311671825557,21,750.0,60000.0,4650.0,44773.23809523809,101609.7666697964,21,94.1777520590476,483.7682560272174,367.4309229864785,316.5827353908692,174.5283456439608,17.0,5.25,7.0,6.8,6.701428571428572,1.646078022799301,21
main,ложка,,21,149.4180491666666,4.4,3600.0,365.3846153846154,6.36,79.37689583333332,337.9499479166667,149.4180491666666,313.8392437954145,630.204136491021,21,2.5,10.0,4.4,9.501904761904761,21.26340391824592,21,1250.0,8250.0,3600.0,36432.26190476191,146366.6905026225,21,198.4494210077739,1046.058186558431,365.3846153846154,542.8954952497209,455.3599644570639,16.0,3.8,7.9,6.36,6.298,2.481838452692511,20
main,градусник,,20,352.984698125,11.25,950.0,312.6832128200118,5.295,199.4540495486111,629.8994121527777,352.984698125,539.8454301378767,573.7680706355397,20,5.5335,20.67499999999999,11.25,14.117,10.78135530001971,20,625.0,2015.0,950.0,1406.0,1546.203840310026,20,245.6378971431498,379.3338544426317,312.6832128200118,294.7006935074514,81.88237365032748,13.0,5.0,6.4,5.295,5.648000000000001,0.8449764867485338,20
main,снежный_шар,,20,679.8095763888889,15.15,675.0,360.2117865198844,5.0,372.2031354166666,1295.423896412037,679.8095763888889,967.5053217399691,747.4893492766818,20,10.7,30.3,15.15,21.2675,17.64647180331703,20,577.5,750.0,675.0,648.75,119.8889288598321,20,205.7130726046139,455.4655870445344,360.2117865198844,313.2295323548109,109.8422303644066,18.0,4.651,5.2025,5.0,5.019,0.2996998498498123,20
main,маркер,,20,84.1878723611111,1.62,5000.0,298.3502983502983,5.625,26.62794913681457,258.7102499999999,84.1878723611111,134.8423274047409,139.8518715349122,20,0.2455,6.0585,1.5375,2.51875,2.662819970889587,20,2774.325,20174.99999999995,5000.0,19392.275,36463.8916036251,20,219.37516544,379.124149659864,298.3502983502983,292.9164308849312,109.292672273478,15.0,5.0,7.469999999999998,5.625,6.1815,1.54620171285706,20
main,настольная_игра,,19,1455.113183333333,22.0,2500.0,446.2242562929061,6.4,159.6882902453704,2692.098077083332,1455.113183333333,1448.077430292397,1282.113399093907,19,3.095,76.31999999999995,22.0,40.02657894736842,43.8536005760021,19,659.9999999999999,9299.999999999993,2500.0,8795.0,21558.27330554715,19,349.2512361884278,658.4269914727205,446.2242562929061,512.2975426352957,269.7889850276641,9.0,4.970000000000001,8.1,6.4,7.182105263157895,3.42586173903308,19
main,ремувка,,19,93.19,2.2,5000.0,333.3333333333334,10.33,46.374568125,140.9358303935185,93.19,98.16418736929128,50.57984974719064,19,1.314,3.35,2.2,2.409736842105263,1.211849451692433,19,2375.0,7649.999999999999,5000.0,4727.631578947368,2554.229808040126,19,230.0714286,611.2708568226244,333.3333333333334,394.0879707431303,247.1147727839121,7.0,9.0,11.2,10.33,10.04263157894737,0.9473872967580254,19
main,упаковка,,18,322.58,5.4,2500.0,103.3868093,6.6,113.5495,809.317,322.58,597.6228483899177,768.4892881309991,18,1.364,19.175,5.4,9.574166666666667,9.787595127627263,18,751.375,10462.49999999999,2500.0,87730.83333333333,352501.224728786,18,52.530917874,355.2697302697301,103.3868093,222.2242283021317,299.8360935001552,7.0,5.9,12.392,6.6,8.143823529411765,3.876285081029486,17
main,калькулятор,,17,528.9472476851852,10.5,1000.0,288.1469444599103,6.5,205.2473041666667,1340.708246666666,528.9472476851852,720.6495758104575,650.3539226445854,17,4.5,17.7,10.5,14.49294117647059,16.30003748642387,17,540.0,9599.999999999996,1000.0,17559.11764705883,61364.49813372586,17,225.0109078204465,377.3809523809523,288.1469444599103,294.0000740018496,75.93037306295129,14.0,5.92,12.36,6.5,8.34705882352941,5.108522003361005,17
main,рамка,,17,2544.699305555556,75.5,750.0,179.1183560763887,7.5,197.639675,7266.799977777778,2544.699305555556,4016.916541909431,4611.878849484174,17,2.72,234.0,75.5,116.6323529411765,135.0721808668152,17,150.0,1560.0,750.0,1228.64705882353,1756.419749489586,17,139.9589465137667,224.4797103668071,179.1183560763887,185.943518633791,69.64712050287211,6.0,6.55,10.388,7.5,8.617647058823529,2.58290178242361,17
main,шарик,,16,99.73377276234567,1.8,2701.25,178.7593840764162,7.380000000000001,26.24866122916667,620.2427399140211,99.73377276234567,301.3193864288697,440.32016326698,16,0.685,13.65,1.8,6.818166666666666,10.55756010717754,15,562.5,16507.5,2701.25,37012.03125,112315.4718312766,16,52.12121212121212,365.8929819307177,178.7593840764162,217.1148528930334,173.4778105547617,10.0,5.1125,13.44,7.380000000000001,9.841249999999999,6.17433707642637,16
main,мультитул,,15,424.885,10.5,1500.0,762.5154344388361,6.0,263.79485,1040.881755686596,424.885,548.2476811641747,388.7351097772868,15,5.73,31.2,10.5,15.60666666666667,13.24820562872393,15,750.0,4725.000000000001,1500.0,2836.0,3836.669035206749,15,460.3012663366645,1651.290356666667,762.5154344388361,1037.966751503347,850.2767683225462,10.0,4.0,6.99,6.0,5.626666666666667,1.310652327587116,15
main,вебкамера,,15,2454.642410714286,69.0,1000.0,224.4668911335577,22.2,1979.95994890873,5954.203487499999,2454.642410714286,4208.549685233686,4660.383379042527,15,40.28,186.4,69.0,125.0566666666667,147.318082570949,15,152.25,2400.0,1000.0,4969.916666666667,13398.49903696128,15,176.5917266636384,275.9462759462759,224.4668911335577,222.6267393140432,61.90808153831794,5.0,9.450000000000001,28.9,22.2,21.40733333333333,12.77169664680834,15
main,ошейник,,15,717.6292638888889,25.0,750.0,93.74999999999999,3.8,398.9665423611111,1530.191615972223,717.6292638888889,812.2463450170565,498.1338426345762,15,13.87,50.7,25.0,27.65,17.38598573564352,15,750.0,975.0000000000001,750.0,790.0,284.3853020111975,15,93.74999999999999,184.2583544207046,93.74999999999999,121.594533630178,54.45114340578313,13.0,3.8,4.94,3.8,4.146666666666666,0.6696125389962113,15
main,грелка,,14,709.696136574074,21.0,2250.0,200.5347593582887,6.800000000000001,458.5336326388889,1285.38448148148,709.696136574074,1182.870297470238,1523.26052538014,14,10.795,37.02499999999997,21.0,28.41428571428571,30.93931049758437,14,440.0,7799.999999999994,2250.0,4191.25,4912.521750783713,14,158.053658008658,290.4782293656544,200.5347593582887,217.1202081438662,65.46493060520362,7.0,5.94,7.81,6.800000000000001,6.964285714285715,2.442132467539586,14
main,подсвечник,,14,846.5891979166666,16.0,1125.0,240.5436047151605,5.75,383.3304191319444,1717.993475694442,846.5891979166666,1240.747391550926,1223.714490556466,14,9.535,54.82499999999996,16.0,33.17142857142857,41.32900692233982,14,373.625,1649.999999999997,1125.0,1400.535714285714,1409.020451676184,14,206.5819485174324,411.2964048520905,240.5436047151605,335.8318256126712,309.4953464849559,10.0,4.99,6.7,5.75,6.264285714285713,2.504951141196215,14
main,портмоне,,13,357.4874907407407,9.0,2500.0,231.8663609782031,9.3,216.0626666666666,1517.570399999999,357.4874907407407,950.5475956267807,1429.040836300209,13,6.839999999999999,48.79999999999997,9.0,29.21923076923077,45.36919631599147,13,950.0,14099.99999999999,2500.0,7125.192307692308,8931.877629074932,13,197.4983541803818,354.5412444157143,231.8663609782031,272.2635618789211,104.9377677039191,8.0,8.2,12.24,9.3,10.01,2.30516087652612,13
main,линейка,,13,57.65885277777777,1.4,15000.0,568.1818181818184,4.9,31.51472206018519,179.3082230555554,57.65885277777777,185.7173174842349,368.2325278214107,13,0.78,4.220000000000001,1.4,6.548076923076923,17.02069959618552,13,2132.1,30000.0,15000.0,20162.34615384615,19736.33942902513,13,400.1105716564686,1042.167708834375,568.1818181818184,698.7831385812441,339.9517024687652,11.0,3.96,6.0,4.9,5.35,2.077257807784099,13
main,чайная_пара,,12,1162.26515625,34.535,945.0,248.1350485,5.3,1030.883240625,1277.119023295455,1162.26515625,1139.572443104478,142.6619897927216,12,23.1375,42.0,34.535,33.16833333333333,9.318687805922163,12,750.0,4417.499999999997,945.0,2670.0,3777.574979702286,12,,,,,,,4.5,6.1,5.3,5.341666666666666,0.8151501070169205,12
main,горшок,,12,745.1746354166667,14.0,735.0,176.8250792054449,6.0,196.7828906867283,4784.639245138887,745.1746354166667,2357.199882736502,3502.443079601581,12,5.069349999999999,97.84999999999997,14.0,61.70933333333333,110.4135024123848,12,150.0,5549.999999999999,735.0,376535.4166666667,1298556.492626714,12,61.95247646380567,353.3837181357343,176.8250792054449,212.2673097592114,183.4525259274756,10.0,4.706,7.105,6.0,6.238333333333333,2.340434432607189,12
main,открывашка,,12,232.0822048611111,3.7,1225.0,265.7312925,6.4,89.47300910879628,1003.392918796296,232.0822048611111,447.7562172260802,530.0107490832743,12,1.2775,9.329999999999998,3.7,5.495833333333334,4.76828815925558,12,600.0,6874.999999999995,1225.0,14716.66666666667,42792.93342965812,12,221.90688775,412.1030534669989,265.7312925,314.5633668890471,142.2843903095318,3.0,5.39,7.0,6.4,6.191666666666666,0.7464562744708959,12
main,шейкер,,11,323.0554721693122,6.6,30000.0,120.9933923013088,6.99,262.657865625,1278.238492592593,323.0554721693122,820.7026053529341,1122.020755497245,11,4.725,28.275,6.6,15.97909090909091,20.32272887903859,11,412.5,37500.0,30000.0,20784.54545454546,20067.81383889952,11,81.99192304937613,224.2524553848359,120.9933923013088,148.1781428134369,79.72680053793907,6.0,5.378,8.0,6.99,6.858,1.505529069057711,10
main,открытка,,10,170.683536091821,7.7125,11250.0,300.3246753246753,5.1,91.36262545138888,462.9560455163044,170.683536091821,644.427793523405,1395.53750164841,10,3.855,14.575,7.7125,22.0195,46.40571950201829,10,2006.25,11250.0,11250.0,10255.0,8301.09430537123,10,261.401759435987,367.6647609398369,300.3246753246753,338.6861948662246,159.6184093817945,7.0,5.1,8.11,5.1,6.181,2.307054158204547,10
main,скрепки,,8,150.6875907407407,4.25,4000.0,370.3703703703703,6.1,45.02558906060607,227.7302763888889,150.6875907407407,164.8315803603746,127.4537760007185,8,1.345,5.875,4.25,3.94375,2.60184515570887,8,1560.0,24437.5,4000.0,14825.0,22852.41468954336,8,315.2777778011111,543.2098765432098,370.3703703703703,426.4403292292182,169.8956565402481,3.0,5.3,9.0,6.1,8.725,6.376463417466277,8
main,лейка,,8,1844.810838541666,62.0,1125.0,,4.9,1684.220958420139,2083.153153819444,1844.810838541666,1872.740849826389,181.2209947301818,8,58.5625,66.45,62.0,62.5625,4.001673756960062,8,750.0,1500.0,1125.0,1125.0,400.8918628686366,8,,,,,,,4.9,4.9,4.9,4.9,0.5879747322073337,8
main,скакалка,,8,1145.362704014649,28.0,3015.0,350.2680311890837,5.8,333.182964591107,1999.865394060945,1145.362704014649,1440.530898571071,1258.385013969717,8,6.3075,75.65,28.0,37.98125,31.836792927815,8,1338.25,3015.0,3015.0,2444.0625,1143.590787123111,8,236.8345201966369,356.7270637813111,350.2680311890837,308.9045219616127,79.28015637695009,7.0,4.375,5.8,5.8,6.425,3.373319687531218,8
main,расческа,,7,402.208850308642,3.5,1500.0,108.1014223871367,6.11,123.6836608055555,754.1097811805555,402.208850308642,428.0737398522928,322.9255018342412,7,1.177,15.65,3.5,8.255714285714285,8.1744599355612,7,750.0,3977.249999999999,1500.0,2207.5,1959.373305421915,7,73.23705727543629,180.7029912710833,108.1014223871367,125.2581906571022,80.98999294701255,6.0,5.44,10.675,6.11,7.914285714285714,3.601776677987578,7
main,мешочек,,7,68.86310810185185,1.75,7500.0,408.4564860426929,8.2,52.79898981481481,522.4570892361105,68.86310810185185,382.0934293151105,730.4977664779016,7,1.165,12.38499999999998,1.75,9.767857142857142,19.10736504098678,7,2175.25,10500.0,7500.0,7393.214285714285,4764.498643239242,7,284.0412985117418,428.7280701754386,408.4564860426929,361.1184844980541,115.8395895710312,4.0,5.36,9.598999999999998,8.2,8.18,3.741519299250863,7
main,веревка,,7,138.7156555555564,2.6,5000.0,259.4086021505376,7.6,84.56984785714285,454.9163648779459,138.7156555555564,288.7557767026846,372.7092754088091,7,1.75,11.39999999999999,2.6,7.075357142857143,9.844054934808309,7,697.5,12059.99999999999,5000.0,9967.857142857143,15812.578815915,7,105.1382604323781,345.0396825396825,259.4086021505376,247.0643531744101,130.2475015856658,6.0,5.385000000000001,12.38,7.6,8.864285714285714,3.960083572951701,7
main,микрофон,,6,3411.669791666674,73.5,225.0,181.4882032667877,7.3,1666.579074839249,7088.129930555555,3411.669791666674,4676.580439013204,4226.54064508407,6,38.675,191.0,73.5,122.65,135.5978429031967,6,131.25,8231.25,225.0,5275.0,12117.23978470345,6,92.57378894559147,202.9434480747325,181.4882032667877,149.3647892128585,83.60004040158871,3.0,7.0,15.5,7.3,10.43333333333333,5.433844556726542,6
main,эспандер,,6,390.4845009920634,12.6,1025.0,283.1723805704889,5.0,228.4148937500015,1705.132730654762,390.4845009920634,1003.591805753969,1396.672514271039,6,5.2625,37.75,12.6,23.54166666666667,30.93632842899536,6,637.5,1625.0,1025.0,1100.0,590.7622195096772,6,174.904060957222,402.2810135290071,283.1723805704889,288.0997957274213,137.5594017909154,4.0,4.0,6.1,5.0,5.04,1.05023806824929,5
main,соска,,5,332.0135,9.0,750.0,122.5490196078431,5.5,151.2881661111111,1723.291015592593,332.0135,823.1361257407407,871.2803152110982,5,3.77,36.224,9.0,19.122,23.53471733418526,5,108.0,5000.0,750.0,2189.0,2580.136624289497,5,,,,,,,5.052,7.628,5.5,6.198,1.600412446839876,5
main,резинка,,5,78.13256574074076,2.38,4000.0,544.6623093681917,4.3,58.55196444444444,312.7158736111111,78.13256574074076,176.0398432870371,194.847584934753,5,1.1,4.17,2.38,2.626,1.636117355204082,5,660.0,11100.0,4000.0,5830.0,6625.292446375481,5,210.0653594794575,892.5653594771243,544.6623093681917,550.9985475682862,487.5308820313553,3.0,3.66,9.0,4.3,5.92,2.824358334206196,5
main,степлер,,5,126.0058298611111,3.12,2700.0,,5.2,89.78044879629628,985.876073148148,126.0058298611111,498.5181202469136,687.0328416036327,5,0.558,12.62,3.12,6.08,6.712708097332999,5,1717.0,3220.0,2700.0,2468.5,1365.773132698107,5,,,,,,,5.1,8.84,5.2,6.98,4.092309861190865,5
main,тонометр,,4,4154.394321759259,132.5,450.0,80.23140374331551,7.505,1941.969034930555,10023.05920694444,4154.394321759259,5816.321411921296,5370.979359733667,4,51.575,284.65,132.5,164.875,145.7008207480887,4,150.0,1163.875,450.0,638.125,641.9221623374598,4,,,,,,,6.89825,12.20925,7.505,9.3675,4.217824281150966,4
main,освежитель_воздуха,,4,1494.696735889293,23.2,925.0,170.297619047619,5.7,124.5547600086963,4058.713861666666,1494.696735889293,2037.367258569646,2405.210974877118,4,3.21,59.624,23.2,30.67,34.67076962899247,4,407.5,6062.499999999998,925.0,3025.0,4668.422288810929,4,,,,,,,5.0,29.16999999999999,5.7,16.05,21.17695288121814,4
main,отвертка,,4,4058.504527083333,135.0,675.0,794.3714465453595,7.05,3021.7080275,4571.686547916667,4058.504527083333,3820.497945833333,1101.217239411281,4,101.1,160.1,135.0,131.0,42.73952113286562,4,517.5,1987.5,675.0,1200.0,1206.233808181482,4,,,,,,,5.945,8.32,7.05,7.125,1.367174702321055,4
main,вилка,,3,432.1105555555555,12.1,1500.0,1630.65953654189,7.9,332.3417268518518,583.9970777777777,432.1105555555555,456.9285048500881,181.0342081246907,3,9.440000000000001,17.63,12.1,13.46666666666667,5.968528573554233,3,1500.0,7800.0,1500.0,4500.0,5196.152422706632,3,,,,,,,5.31,7.9,7.9,6.666666666666667,2.136195996001616,3
main,плоскогубцы,,3,649.0048050925927,13.7,600.0,946.3219748787463,6.3,504.012179375,1405.207805416667,649.0048050925927,940.0573644290125,691.3014925546211,3,10.41,18.81,13.7,14.56666666666667,6.04676221901716,3,432.0,1230.0,600.0,820.0,600.9991680526688,3,,,,,,,5.74,15.89,6.3,10.6,8.150460109711599,3
main,карточка,,3,100.32,1.7,15000.0,453.3333333333334,6.2,99.067,140.1776840277778,100.32,118.7031828703704,33.40278475442317,3,1.63,2.4,1.7,2.0,0.608276253029822,3,15000.0,20250.0,15000.0,17500.0,4330.127018922193,3,,,,,,,4.66,6.2,6.2,5.466666666666666,1.270170592217177,3
